[
  {
    "id": 24,
    "title": "Top RCS Messaging Service Provider in Bangalore ",
    "componentKey": "Mar12",
    "slug": "rcs-messaging-service-provider-in-bangalore",
    "category": "Bulk SMS Service",
    "date": "2025-03-12",
    "description": "Enhance your brand with A2zsms, the top RCS messaging service provider in Bangalore & best RCS messaging provider in India, delivering rich, engaging messages.",
    "image": "/Images/Why Choose Voice Calls for Marketing Success.jpg"
  }, 
  {
    "id": 23,
  "title": "Best WhatsApp Marketing Service Provider in Bangalore",
  "componentKey": "Mar10",
  "slug": "best-whatsApp-marketing-service-provider-in-bangalore",
  "category": "WhatsApp Service",
  "date": "2025-03-10",
  "description": "Boost your business with A2ZSMS, the best WhatsApp marketing service provider in Bangalore & Hyderabad for effective and targeted communication.",
  "image": "/Images/Why Choose Voice Calls for Marketing Success.jpg"
 
  }, 
  {
      "id": 22,
      "title": "best voice service providers in bangalore ",
      "componentKey": "Jan10",
      "slug": "a2Z-sMS-voice-calls-elevating-your-marketing-strategy",
      "category": "Voice Call",
      "date": "2024-02-18",
      "description": "The best Voice Service in Bangalore, offering Promotional Voice Service in Bangalore with crystal-clear quality and cost-effective plans for businesses.",
      "image": "/Images/Why Choose Voice Calls for Marketing Success.jpg"
    },
    {
      "id": 21,
      "title": "Top Otp Bulk Sms Services in Bangalore ",
      "componentKey": "Jan9",
      "slug": "scalable-oTP-services-for-secure-customer-verification-a2Z-sMS",
      "category": "OTP Service",
      "date": "2024-02-18",
      "description": "OTP Bulk SMS Services in Bangalore - Send instant OTPs for secure transactions, boost customer engagement, and streamline your communication. Get the best deals now! ",
      "image": "/Images/Scalable OTP Services_ Ensure Seamless Customer Verification with A2Z SMS.jpg"
    },
    {
      "id": 20,
      "title": "Best Voice Service Providers in Hyderabad, Bangalore ",
      "componentKey": "Jan8",
      "slug": "reliable-voice-call-solutions-for-seamless-communication",
      "category": "Voice Call",
      "date": "2024-02-18",
      "description": "The best Voice Service in Bangalore, providing reliable business communication with crystal-clear quality, advanced features, and cost-effective plans.",
      "image": "/Images/Reliable voice call solutions for seamless communication.jpg"
    },
    {
      "id": 19,
      "title": "Top 5 Bulk SMS Providers In Bangalore | The Best Of The Best! ",
      "componentKey": "Jan7",
      "slug": "best-bulk-sMS-provider-in-bangalore-for-businesses",
      "category": "Bulk SMS Service",
      "date": "2024-02-18",
      "description": "Looking for reliable SMS providers in Bangalore? Read this comprehensive guide to discover the top SMS providers in the city, their features and pricing.",
      "image": "/Images/Best Bulk SMS Provider In Bangalore For Businesses.jpg"
    },
    {
      "id": 18,
      "title": "Bulk SMS Services in Bangalore | Bulk SMS Service Providers Bangalore ",
      "componentKey": "Jan6",
      "slug": "boost-business-reach-with-reliable-bulk-sMS-services",
      "category": "Bulk SMS Service",
      "date": "2024-02-18",
      "description": "Bulk SMS Service Providers in Bangalore offer promotional & transactional bulk SMS services, SMS marketing services at affordable prices to grow your business.",
      "image": "/Images/Boost Business Reach, with Reliable Bulk SMS Services.jpg"
    },
    {
      "id": 17,
      "title": "Top OTP SMS Provider in Bangalore - OTP SMS Service Provider in Bangalore ",
      "componentKey": "Jan5",
      "slug": "secure-your-business-with-a2z-sms-otp-services",
      "category": "OTP Service",
      "date": "2024-02-18",
      "description": "Provide secure transactions and authentication services using the top OTP SMS Provider in Bangalore. Try office24by7 today!",
      "image": "/Images/Secure Your Business with A2Z SMS OTP Services.jpg"
    },
    {
      "id": 16,
      "title": "Official WhatsApp API Near Me in Bangalore ",
      "componentKey": "Jan4",
      "slug": "why-travel-businesses-in-2025-need-whatsApp-api-for-growth",
      "category": "WhatsApp Service",
      "date": "2024-02-18",
      "description": "Unlock global communication with the Official WhatsApp API Near Me in Bangalore. Seamlessly integrate and enhance user experience.",
      "image": "/Images/Why Travel Businesses in 2025 Need WhatsApp API for Growth.jpg"
    },
    {
      "id": 15,
      "title": "Building Scalable Customer Support with WhatsApp API and Chatbots in Bangalore ",
      "componentKey": "Jan3",
      "slug": "building-scalable-customer-support-with-whatsApp-api-and-chatbots-in-bangalore",
      "category": "WhatsApp Service",
      "date": "2024-02-18",
      "description": "Learn how WhatsApp API and chatbots transform customer support in Bangalore. Startups can reduce costs, scale operations, and improve engagement efficiently.",
      "image": "/Images/Building Scalable Customer Support with WhatsApp API  and Chatbots in Bangalore.jpg"
    },
    {
      "id": 14,
      "title": "Trusted WhatsApp Business API Services Provider in India ",
      "componentKey": "Jan2",
      "slug": "how-whatsApp-chatbots-drive-lead-generation-for-indian-startups",
      "category": "WhatsApp Service",
      "date": "2024-02-18",
      "description": "trusted WhatsApp Business API service provider in India. Utilise our WhatsApp API service to engage with your customers, ensuring secure, and reliable communication.",
      "image": "/Images/How WhatsApp Chatbots Drive Lead Generation for Indian Startups.jpg"
    },
    {
      "id": 13,
      "title": "WhatsApp Business API Provider in Bangalore  ",
      "componentKey": "Jan1",
      "slug": "top-5-chatbot-platforms-for-whatsApp-business-api-developers",
      "category": "WhatsApp Service",
      "date": "2024-02-18",
      "description": "Enhance communication and grow your business in Bangalore with WhatsApp Business API. Connect with customers faster using BhashSMS today.",
      "image": "/Images/Top 5 Chatbot Platforms for WhatsApp Business API Developers.jpg"
    },
    {
      "id": 12,
      "title": "Official WhatsApp API Near Me in Hyderabad",
       "componentKey": "Dec24",
      "description": "Unlock global communication with the Official WhatsApp API Near Me in Hyderabad. Seamlessly integrate and enhance user experience.",
      "category": "WhatsApp Service",
      "date": "2024-12-24",
     "slug": "whatsApp-business-aPI-use-cases-transforming-healthcare-in-india",
      "image":"/Images/WhatsApp Business API Use Cases Transforming Healthcare in India.jpg"
    },
    {
      "id": 11,
      "title": "WhatsApp Business API Marketing Provider In Hyderabad",
       "componentKey": "Dec23",
      "description": "Are you looking for WhatsApp Business API Marketing Service Provider In Hyderbad Telangana, Get Bulk Whatsapp, Chatbot Automation.",
      "category": "WhatsApp Service",
      "date": "2024-12-23",
     "slug": "why-whatsApp-business-aPI-is-revolutionizing-e-commerce-in-india",
      "image":"/Images/Why WhatsApp Business API is Revolutionizing  E-commerce in India.jpg"
    },
    
    
    
  {
    "id":10,
    "title": "Revolutionize Engagement: Powerful WhatsApp API Hyderabad",
    "componentKey": "Dec22",
    "slug": "whatsApp-business-aPI-integration-essential-tools-and-platforms-for-small-business-growth",
    "category": "WhatsApp Service",
    "date": "2024-12-22",
    "description": "Boost customer engagement with our powerful WhatsApp Business API in Hyderabad. Streamline communication and drive growth with smart, efficient solutions." ,
     "image":"/Images/WhatsApp Business API Integration_ Essential Tools and Platforms.jpg"
  },
   
    {
      "id":9,
      "title": "Leading Bulk SMS Provider in Hyderabad, Bangalore, Chennai, Mumbai",
      "componentKey": "Dec21",
      "slug": "how-bangalore's-small-businesses-are-unlocking-growth-with-whatsApp-business-aPI",
      "category": "WhatsApp Service",
      "date": "2024-12-21",
      "description": "Bulk SMS Gateway - Bulk SMS Service Providers in India offers promotional Bulk SMS services, Transactional Bulk SMS services, SMS marketing services at affordable cost." ,
       "image":"/Images/How Bangalore’s  Small Businesses Are Leveraging WhatsApp Business API  for Growth.jpg"
     },
    
    {
      "id": 8,
      "title": "Get WhatsApp Business API for FREE| Apply now",
      "componentKey": "Dec20",
      "slug": "10-game-changing-marketing-strategies-with-whatsApp-business-aPI",
      "category": "WhatsApp Service",
      "date": "2024-12-20",
      "description": "Get the Official WhatsApp Business API for FREE in 10 Minutes & 50 Free credits. Apply for Free WhatsApp API easily." ,
       "image":"/Images/10 Proven Marketing Strategies Using WhatsApp  Business API.jpg"
     },
    
    {
    "id": 7,
    "title": "Get WhatsApp Business API for FREE| Apply now",
    "componentKey": "Dec19",
    "slug": "whatsApp-business-aPI-vs-free-whatsApp-business-app-which-one-is-right-for-you",
    "category": "WhatsApp Service",
    "date": "2024-12-19",
    "description": "Get the Official WhatsApp Business API for FREE in 10 Minutes & 50 Free credits. Apply for Free WhatsApp API easily with a2zsms." ,
     "image":"/Images/WhatsApp Business API vs. Free WhatsApp Business App_ Which One Is Right for You.jpg"
  },
    {
      "id": 6,
      "title": "Efficient WhatsApp Business API - a2zsms Messaging Platform",
      "componentKey": "Dec18",
      "slug": "step-by-step-guide-to-integrating-whatsApp-business-aPI-with-your-cRM",
      "category": "WhatsApp Service",
      "date": "2024-12-18",
      "description": "Leverage Gupshup's WhatsApp API for seamless business communication. Ensure secure, scalable, and efficient customer engagements with our easy-to-use platform." ,
       "image":"/Images/Step-by-Step Guide to Integrating WhatsApp Business API with Your CRM.jpg"
      
      
    },
    {
      "id": 5,
      "title": "Efficient WhatsApp Business API - a2zsms Messaging Platform   ",
      "componentKey": "Dec17",
      "slug": "top-10-benefits-of-whatsApp-chatbots-for-small-businesses-in-bangalore",
      "category": "WhatsApp Service",
      "date": "2024-12-17",
      "description": "Leverage Gupshup's WhatsApp API for seamless business communication. Ensure secure, scalable, and efficient customer engagements with our easy-to-use platform. ",
      "image":"/Images/Top 10 Benefits of WhatsApp Chatbots   for Small Businesses in Bangalore.jpg"
     },
   
    {
      "id": 4,
      "title": "Business Platform | WhatsApp Business  ",
      "componentKey": "Dec16",
      "slug": "whatsApp-business-aPI-pricing-in-india-everything-you-need-to-know",
      "category": "WhatsApp Service",
      "date": "2024-12-16",
      "description": "Unlock the power of the WhatsApp API to deliver compelling experiences at scale with WhatsApp Business Platform. Learn more.",
      "image": "/Images/WhatsApp Business API Pricing in India_ Everything You Need to Know.jpg"
     },
    {
      "id": 3,
      "title": "WhatsApp Business API: Guide to Everything You Need to Know  ",
      "componentKey": "Dec15",
      "slug": "how-to-use-whatsApp-business-aPI-to-automate-customer-communication",
      "category": "WhatsApp Service",
      "date": "2024-12-15",
      "description": "Discover WhatsApp Business API, its features, benefits & more. Read on to unlock the full potential of WhatsApp for customer engagement.",
      "image": "/Images/How to Use WhatsApp Business API to Automate Customer Communication.jpg"
      },
    {
      "id": 2,
      "title": "WhatsApp Business API | Twilio",
      "componentKey": "Dec14",
      "slug": "what-is-whatsapp-business-api-complete-guide-indian-businesses",
      "category": "WhatsApp Service",
      "date": "2024-12-14",
      "description": "Engage customers personally with WhatsApp messaging via Twilio’s trusted APIs, software, and data. Build the perfect solution with unmatched scale, connectivity, and MessagingX.",
      "image": "/Images/What is WhatsApp Business API_   Complete Guide for Indian Businesses.jpg"
    },
    {
      "id": 1,
      "title": "WhatsApp Business API - Official WhatsApp Partner",
      "componentKey": "Dec13",
      "slug": "how-whatsapp-chatbots-can-revolutionize-customer-support-for-indian-smes",
      "category": "WhatsApp Service",
      "date": "2024-02-18",
      "description": "Seamlessly deploy WhatsApp Business API through an Official WhatsApp Partner. Enhance customer engagement and communicate efficiently at minimal costs.",
      "image": "/Images/How WhatsApp Chatbots Can Revolutionize Customer Support for Indian SMEs.jpg"
    }
  ]
  